{"cameraMode":{"drawMode":0,"name":"Shaded","section":"Shading Mode"},"sceneLighting":false,"audioPlay":false,"sceneViewState":{"m_AlwaysRefresh":false,"showFog":true,"showSkybox":false,"showFlares":true,"showImageEffects":true,"showParticleSystems":true,"showVisualEffectGraphs":true,"m_FxEnabled":true},"in2DMode":false,"pivot":{"x":-0.44809913635253909,"y":-3.1995112895965578,"z":11.996338844299317},"rotation":{"x":0.22826871275901795,"y":0.7793276309967041,"z":-0.33645734190940859,"w":0.4795112609863281},"size":3.728591203689575,"orthographic":false}